43|Hotel Park|rista|08-Apr-23 00:00:00|10-Apr-23 00:00:00|08-Apr-23 00:00:00|12-Apr-23 00:00:00
1|Alpina|rista|09-Sep-23 00:00:00|10-Sep-23 00:00:00|01-Apr-23 00:00:00|05-Apr-23 00:00:00
1|Alpina|rista|09-Sep-23 00:00:00|10-Sep-23 00:00:00|17-Apr-23 00:00:00|20-Apr-23 00:00:00
1|Alpina|rista|09-Sep-23 00:00:00|10-Sep-23 00:00:00|07-Apr-23 00:00:00|01-Apr-23 00:00:00
1|Alpina|rista|09-Sep-23 00:00:00|10-Sep-23 00:00:00|08-Apr-23 00:00:00|10-Apr-23 00:00:00
28|Alpina|rista|12-Apr-23 00:00:00|19-Apr-23 00:00:00|01-Apr-23 00:00:00|07-Apr-23 00:00:00
28|Alpina|rista|12-Apr-23 00:00:00|19-Apr-23 00:00:00|06-Apr-23 00:00:00|09-Apr-23 00:00:00
29|Apolon|rista|18-Apr-23 00:00:00|22-Apr-23 00:00:00|09-Apr-23 00:00:00|12-Apr-23 00:00:00
1|Alpina|rista|09-Sep-23 00:00:00|10-Sep-23 00:00:00|15-Apr-23 00:00:00|29-Apr-23 00:00:00
1|Alpina|rista|09-Sep-23 00:00:00|10-Sep-23 00:00:00|15-Apr-23 00:00:00|16-Apr-23 00:00:00
1|Alpina|rista|09-Sep-23 00:00:00|10-Sep-23 00:00:00|09-Mar-23 00:00:00|11-Apr-23 00:00:00
38|Apolon|rista|07-May-23 00:00:00|13-May-23 00:00:00|19-Apr-23 00:00:00|29-Apr-23 00:00:00
38|Apolon|rista|07-May-23 00:00:00|13-May-23 00:00:00|19-Apr-23 00:00:00|29-Apr-23 00:00:00
35|Jabuka|rista|18-Apr-23 00:00:00|24-Apr-23 00:00:00|19-Apr-23 00:00:00|29-Apr-23 00:00:00
30|Apolon|rista|01-May-23 00:00:00|08-May-23 00:00:00|19-Apr-23 00:00:00|29-Apr-23 00:00:00
30|Apolon|rista|01-May-23 00:00:00|08-May-23 00:00:00|19-Apr-23 00:00:00|29-Apr-23 00:00:00
